{
  "ship_method": "WWE_PARCEL",
  "target_col": "log_cost",
  "selected_features": [
    "log_weight",
    "log_Hdis"
  ],
  "num_features": [
    "log_weight",
    "log_Hdis"
  ],
  "cat_features": [],
  "best_params": {
    "C": 3.748705218525931,
    "epsilon": 0.0018305110274133042,
    "gamma": 0.040580180904780175
  },
  "feature_importance": {
    "log_weight": 1.415059466922608,
    "log_Hdis": 0.08773031538792661
  },
  "n_train": 377,
  "n_val": 95,
  "n_test": 52,
  "timestamp": "2025-06-11T16:02:41.530910"
}